Gene Interactions,Correlation,Edge Weight,Pathway
ifng * tbx21 ~= il2 * irf1,positive,0.07535383105278015,Interleukin-12/STAT4 pathway
ifng * tbx21 ~= id1,positive,0.05374741554260254,Pubmed: 18614019-TableS4c
ifng * tbx21 ~= casp4,positive,0.05487892031669617,Pubmed: 18614019-TableS4d
ifng * tbx21 ~= rgs2,positive,0.04578816890716553,Pubmed: 18614019-TableS4c
il2 * irf1 ~= xcl1 * idi1,positive,0.03319714218378067,Interleukin-2 signaling pathway
il2 * irf1 ~= plaur,positive,0.03339608013629913,Pubmed: 19014521-TableS6b
il2 * irf1 ~= il4 * rasgrp1,positive,0.03128153085708618,T cell receptor regulation of apoptosis
il2 * irf1 ~= odc1 * xcl1,positive,0.034981876611709595,T cell receptor regulation of apoptosis
id1 ~= add3 * fkbp11,positive,0.0005730390548706055,Pubmed: 16207381-Table1Sa
id1 ~= tnfrsf8 * ubr7,negative,1.3079601526260376,Pubmed: 16207381-Table1Sa
id1 ~= ppp1r15a,positive,4.157423973083496e-05,Pubmed: 18691415-Table5d
id1 ~= mnda * btg2,negative,1.3208566904067993,Pubmed: 20460173-ImmPortComprehensiveListofImmune-RelatedGenes
id1 ~= sh3bgrl * ccl5,positive,0.0004546642303466797,Pubmed: 20460173-ImmPortCD40LandAnti-IgMvsControl
id1 ~= il7r * tnfrsf8,negative,1.3804831504821777,Pubmed: 20460173-ImmPortComprehensiveListofImmune-RelatedGenes
id1 ~= ramp3 * tnfaip8l2,positive,0.0004426240921020508,Pubmed: 16166618-SuppTable3
id1 ~= ccr4 * tnfrsf8,negative,1.4240036010742188,Pubmed: 20460173-ImmPortComprehensiveListofImmune-RelatedGenes
casp4 ~= naa40 * chek1,positive,0.0002949237823486328,Pubmed: 15902281-TableS1b
casp4 ~= perp * cd74,negative,1.0538713932037354,Pubmed: 20081105-ST-2
casp4 ~= plod2 * filip1l,positive,0.0,Pubmed: 20081105-ST-2
casp4 ~= gpm6b * cdc25b,negative,1.0551395416259766,Pubmed: 11823860-SuppTable3
casp4 ~= tnfsf9 * osm,positive,1.1920928955078125e-07,Pubmed: 20460173-ImmPortComprehensiveListofImmune-RelatedGenes
casp4 ~= tnfaip3 * perp,negative,1.3729310035705566,Pubmed: 16288205-GeneTable2
casp4 ~= xaf1 * ss18,positive,0.0,Pubmed: 20081105-ST-2
casp4 ~= atxn1 * gatm,negative,1.921675205230713,Pubmed: 19218430-TableS3
rgs2 ~= parp14,positive,6.002187728881836e-05,Pubmed: 16651414-Supp2
rgs2 ~= tnfaip3 * itga4,negative,1.118959665298462,Pubmed: 16479545-SuppTable1
rgs2 ~= asah1 * nr4a2,positive,0.0006192028522491455,Pubmed: 20418243-SuppTable1a
rgs2 ~= melk * atp2b4,negative,1.2500265836715698,Pubmed: 19505326-SuppTable3
rgs2 ~= aim2 * dusp1,positive,9.1552734375e-05,Pubmed: 17952122-GeneList
rgs2 ~= fkbp11 * vezf1,negative,1.4602446556091309,Pubmed: 16207381-Table1Sa
rgs2 ~= alcam * bag2,positive,0.0006219744682312012,Pubmed: 20460173-ImmPortComprehensiveListofImmune-RelatedGenes
rgs2 ~= dusp6 * aacs,negative,1.7377285957336426,Pubmed: 16207381-Table1Sa
